branch_index	branch_id	projective_point	kernel_move_path	physical_word_length	physical_word_sha256
0	b57bfd8a7210ec6f4d4bc5900181c68a0e60a99bc219c2df330fd0551111adc0	0+0u	k2^-1 k1 k2 k1^-1 k2	464	424cc9d4757df9a2942b8b3eb399033e00627e521cbeb71e4c49f1e064612670
1	52f9290eb04cecf88122752a399248625b07d676f06b4528b7b3e7c4efcc9bc1	0+100u	k1^-1 k2 k2	272	cc0e7ce4bc8eb2332ae649ba6285e089f6bff35d41ba2ae1afcfb407a30cc3f7
2	48007df7395aefe707e92ea55ec010c4b074853f130dda2d962baecb34c72223	0+101u	k2^-1 k2^-1 k2^-1 k1^-1	352	f0722c1d03c549473e72e55745888d090dca398c209fec0c5cc4cdb282fc431a
3	c83c07f53d322a3baefedbbc0f9fa789c1ab591e5f3d4131812085dfa07dca47	0+102u	k1^-1 k2 k2 k2 k1 k2^-1	544	5c37ec1b6eb14c5d03dbb0611618b08813e2931a45a610e5b8d7a8dfe6de5008
4	a2681db347aeea1c8fbd748370b40c06c7077d9001731616876c5a3af96f2bf9	0+103u	k1 k1 k1 k1 k2	528	0f83a3c82f0a791db4fb51a90d03d3b9f773bb85e4e9f8d01460ee0a59f61377
5	45e7744031359241223bbed85b2fa8bc8dc4a6c7f334408eaef8a28b010d0070	0+104u	k1 k1 k2 k1^-1 k1^-1	528	66e4a3e7f387caec1fde690e1fa7317aadbfb3bb34a70bfbd37c8f0037025524
6	3ec941786c64ba3719bdcd9aff0f77dacebb668b3e0f25662ab957d2544c5056	0+105u	k2^-1 k2^-1 k1^-1 k2	352	63aca37f06e2a646aab82eabab77721da22b20621f9605d1f80d8437d0f5c96a
7	09d01030fee7a94b8e4cd1d00944f529e92e2bda497c96f67370be27ea734e56	0+106u	k2 k1^-1 k2^-1 k1 k1	496	adf48b82bae63063cdcb4e4f28c456e5217a4be46baf2d1a67e9e1927ae29ae2
8	cfec977ca8877d64f7a5e0d35f7f89cdcfef2ecb2cc38512c7e754eb4b56097c	0+107u	k2 k2 k2 k2 k2	400	aaa21c3a4e204f950c1c2fc64ff3cca06299e7e9f080c98051b5ab759d660eaf
9	c7eacc19e58a74d179514c2eb8320eac52b3567e30bc700ffbd0d02893d46b9e	0+108u	k2^-1 k1 k1 k1 k2^-1 k1^-1	608	26d9be637d6ff8126f4c6e1b42df3db3e7153762af54a2587f33deb478d50ba8
10	fb8d5ff807ee267a4e0831763fffb80755854f0843f1a1eb2dde44c0093974e8	0+109u	k1 k2^-1 k2^-1 k2^-1 k2^-1	432	26e9f47ef205ae068fa9daf8b17a0d9c1b3d98da0770e759a3b524df9e8a4e48
11	db684e0ef4a985ad2e366e807d384b8aedd440e8ca43c6b84d1ece7e78af3775	0+10u	k1 k2 k1^-1	304	0557fcc55117ed3bcc07cee23063e92cb816f8b56912fd44d6f3cc8057eca51a
12	198f21bb331e8a8bbfeb09defbf2b01eda948b4df4338101353dfbc993ef6a96	0+110u	k2^-1 k2^-1 k2^-1 k2^-1	320	35744131eb815549fa7f44e74437f9f60608cedba63ac38757fffbb95006c9aa
13	9d69a54933de73baa704c18bbab1521590085dc7f3d90bb13bb9be263ffa82f6	0+111u	k2 k1^-1 k2^-1 k2^-1	352	49045591bbbe8d3fdea4244c3a3898a168f878d9beea3731e35693a73d238f69
14	9522c714699d5ce4a3670e1d2b0d5532dbe6614c25fdd5381df94980fc2db288	0+112u	k1 k2^-1 k2^-1 k2^-1 k1^-1	464	0ffb7d87665914cdbc933dc2e89871b7bdf4256a3abde26651bc6ff7de15a1c8
15	f027bad522248a0cecc533fd8df2ddb374d302b7f50d5bfb7dbd717ccc0e08ff	0+113u	k2 k1^-1 k1^-1 k2 k2	464	dfc0ac8725f2cad9b423c7c8984d8ff5372817e84510d223dc02bc560a859923
16	4643a312064f44c7ce5e21a1bcf161269f3a9569558e14b76dfa2df961ed8b36	0+114u	k2^-1 k1^-1 k1^-1 k1^-1	416	b73f913cfca11dabaea9e44c6ff453e76661659758c58fbbc0d65b3749474195
17	929afe794134b16314b6ebbfb4b5dd1202f75672debe7ad5914008b203e6e355	0+115u	k1^-1 k2 k1 k2^-1	384	498c79cab4c2d698eaf7902eff3f996fae54a86081ea77db49b4450049cde0fb
18	7f2a1d726271a5e319fa587481e4b43bcc1361834949cc0bd3797b8418abcd1a	0+116u	k1^-1 k2^-1 k1 k1 k2^-1	496	fdc1bf73d638a5ec8809376a21b342147466c8f33bb6198f04af476f993bc1e3
19	d229367b55b5aa1e23fa57f669aa346d14d43d3868be9c2390ab00c497a112c1	0+117u	k1^-1 k2 k1 k1 k1	528	9dc37828c70194190a3a5e688b3288b1d7d67799a0da40fc76123d57ae6c65ea
20	1371146fb961d132605820db0825f68f37cbe4d197d8948b894a80909a749027	0+118u	k1 k2 k1 k2^-1 k2^-1	464	5e78e9623ed83f4baeb8857da108eb1100989421faa71f7fdb28b93bc163bd0c
21	308de9846310b32568e042cad5aeb35b97c52cc7a9a32f5127cf7f16189240f0	0+119u	k1^-1 k2 k1 k2	384	a68524c1b53e7b8aaaab782a119a5379ab83d7668fb364d2d8a16f644373c376
22	02d5fa81c5f64cf1230cebc3ed653a67bf285204e031a07ffe39610cf83e8ebb	0+11u	k2 k1^-1 k2 k1^-1	384	a15aa54e7711da6be2417dda36887f0b4c237a3421791b54ce856cc2bc3bf7fa
23	2a79cc9857ca8a3575b67e81291c29d108ff3ba3e20990534ba1265985f8c1e8	0+120u	k1 k2 k1^-1 k2 k1^-1	496	288ce90b1e70cdd716080e8b157cdf09c62afdfd20890782eeb44573e0efb39d
24	0443ef3b994c4d21a6c4a43dbcb38e44f99a1897f82c4d209e2632b08143db87	0+121u	k2 k2 k2 k1^-1 k2	432	70be51486267d610d94dba1cdf1f7291986a5f33973f735196bf89ee02b7a91f
25	b6ad0929d42854cf9ff265833374588e9a543d3b13a8272aad384d061a60e44b	0+122u	k2^-1 k1 k2 k1^-1	384	87d791791c3b5515d51f1395178fb838b7c54f33e885f3a20162b087f76a4018
26	aa666790267ff2e919513ceab6aa2f8bf05082ed942acfbe1666bfa3c5aef9fc	0+123u	k2 k2 k1 k2	352	0cb23418d55b4c4d683517e23ed0d813d8c237a676f75d547cd9dd3e6f2072b9
27	59600c0bb459d4879dfdc8c1bd27efd56dab068eabe0e0220394dcd8c0741e85	0+124u	k2 k2 k2	240	900799f2a51b2827ba6e0448d3179948810da46b2d5d311aa86c49c423b1c080
28	a8d61897923dc684f00d224be79e69534757c3d211509abde2e33f5023b3cfd6	0+125u	k1^-1 k2 k1 k2^-1 k1^-1	496	a2e22c0a44d7e64032ad2ea61c138fd779d429a7f73f5c9dc0fb766583aa2e17
29	407bd16d4684fe0de9242aca6c5ee92ced592016e5c8210553c6a5c170522f02	0+126u	k1 k1 k1 k1 k2 k2	608	5206e7ec040d6357ac4df0d9d266f6b7af2831ec8b714b60f052fd4ec4790b23
30	5bb7349a27daf0d7851f599ffb788bc63001bb02022b6150168b8df27f98a6e0	0+127u	k1 k2 k1^-1 k2	384	86b8a894ea98a1ab740b4436c65e8212227a2ba893ba67cf9fdfc662a6bbfcfe
31	701de05c0b40271efbf335a52f1bfdb38ae49bafabd4b4d7e5f6d23513f9fa00	0+128u	k1 k1 k2 k2 k2 k1	576	928c1ebf9a192e7e0852586a9e13c69d7402b8c08d0f2994fec16eebcdcb8a3e
32	62d23c26644213c756d7af5b39de54083d17425ad3fad5de14d48249f001fe00	0+129u	k1 k2^-1 k2^-1 k2^-1	352	9939f9f56fc8cbc54aa983b2d275c191c7075a0af3785761620d523b6c75c71b
33	8fdb511d04c324a8dfe03c0c76c261bf206dfb7a282681c5274ba96ae15d7f71	0+12u	k1^-1 k2 k1^-1 k1^-1	416	4b94937c882faae81c1ef141387587f39239f609b4264f8ec26a7e003dc0606b
34	42686036743a58232f9ada03f7a62eaf67950fbe29abfc34fbb5047b7c74557c	0+130u	k1 k1 k2^-1 k2^-1	384	25d9c48575a6e51329e3a1c6b742e0027f4ae527c6cd2d4c30e5eb79d37e17de
35	9d10d337fb18055ddecb04b5bac6b81ba2305dbd8263a76dd31a0764ffc5f19a	0+131u	k2 k1 k2	272	7c28e5de2f25e766d67cb6802cc271ce54908954c5f87cf2a14a457e9c628255
36	ab5b9a594d1bb32b8725a1b1ca4be32d02994da1d25b9c9593935a431da2c2c3	0+132u	k1 k1 k2^-1	304	c7ecc334a9a883d547e87877409a78ec4c8aab9c2bcb13bd365d28782ed2e2f2
37	8dabb44656833b6b76186eaf891eeb52a289f8d8c1096db8530a32bf74144165	0+133u	k1 k1 k1 k1 k1 k2^-1	640	70987ca8a5a5b6be52a198494314c0b213ac5082d032894c9657618af827ca7d
38	55afe9aa7a7bd05556e939eebc9f2ec52d7160e616c28e593ad29bc34af1f35e	0+134u	k2 k1^-1 k2 k2	352	9302d5009b83ef666c7ca050ac27d42bce7398a3058a1fb38f380276655d6be9
39	960797f21fcf4e2d21adaa98574563beb934ca2f5c9b5e977f12faf7f8bf9894	0+135u	k2^-1 k1 k2	272	cc43826ba7481f816e6a30f971f679cef29eef25d7b0b676011fe3a3ff24e08a
40	6388dd4cffc3ec9b114327e2d411e87e97b66407afea1607995037301d3b1902	0+136u	k1 k2 k1^-1 k2^-1 k2^-1	464	4c8ab385d938f14cf0b65938fc1e9ae962341a9672caed515d8bf6c2b71f2582
41	127fbd822d3e60351469765fbdc3918eb81a4f774a682c30b1fab15fe81a1b5d	0+137u	k1 k2^-1 k2^-1	272	52161002efa3053dd2b41017e26c57c3a89cd22292fd9b5651a13a5370fd4ccf
42	ecfee1ad755481b8c8505858b4130f255a1f0365ba439591af6ec473f50aa20a	0+138u	k1 k1 k2 k1^-1 k2 k2	576	e0f0af6318d0b577526a4686fe696a9ae11fcbab06da22975486248e38f37014
43	d5ecf7d3497063beb81c293eada96d8e829f7c8cfd8ce314ce18c5c74b55a098	0+139u	k1 k2 k2 k1^-1 k1^-1 k1^-1	608	b0da2eeae8ddeeeef4c5e2934c81b8286f884f04b935da70cbc58f0f18634d1f
44	d02f73c4220e5ed0290475980c753eb0efd3487ae958f734f1521b1e6195952a	0+13u	k2 k1^-1 k1^-1 k2^-1	384	8edbbe72bcfefae6de70bb60b11c410776b3f63f269c7d16987ead7eac1caab3
45	51057924861d385e928fc28cd4667a2d933ed45fcfcaf4437591827f06b3d52d	0+140u	k2^-1 k1^-1 k1^-1	304	53135d98fcde7ea1a8b0ea1bf6de37c26eeb1e31e6918f62b3a3cfe7f25ef951
46	7d1b4203351b2b7b293b204294e0d3a5ca693aa28d0cebb661fa7bf30a795b23	0+141u	k1^-1 k2 k2 k1 k2	464	ef32ca7122a715f3551d324e3c42ec405ec64452c774caf2020d49e5d275d472
47	30126411556abfc613d2f511df55b590283848a406d72c7dc60894f79c51a4d1	0+142u	k1^-1 k2 k2 k1	384	7a9de9281f7c911d66e2f742cf5b8a3f75eb03064fa2ee918c3fe2f9e7723e72
48	c291331bb5b5b280a05f22a15ec8ac00482f076e3e1eca1ad4af5e34b45752b1	0+143u	k1 k1 k2 k2 k1^-1 k2^-1	576	5f903a587041dd702eca8775f180f4bc9ce69146be86f2d42edaf058ea13cfe9
49	7a3907ecfaa4a0a25671e49e5eda0e00b02e5773fd7225306cdedf03bf6d7ebe	0+144u	k2 k1^-1 k1^-1 k2^-1 k1^-1	496	e9100c813db8357d28b479c167044a333fcea75f679b425b115b610807fce79e
50	82e3afd29efae67013b4bd2fd3837cf2778be2606707ce157afe0202dfd34120	0+145u	k1 k1	224	bf0ca542775149bbdff56b211f9e948222c345d80d4a7d44cf600725617ab638
51	e06872505d944d913f5b13e705c88f58193c5816ee032dad13c181392ae8ae6c	0+146u	k1 k1 k2 k2 k1	496	9ac4a143681773c14cf1dc0278e0dec64279b628e236163999d1cd9a92fe6885
52	630c4e6cf3edfa0122c7f54da8d2be39a8f1b1ea4540b7b1552ae9e8957ae083	0+147u	k1^-1 k1^-1 k1^-1 k2 k2	496	b93c8b151e579d785bf0d22c83e0c9d8e43a66a28a89fb4b1ec9ec91a7b7f0d0
53	4371539743b0d6932afdd886ccd47c7e7d64ccda90af6bb2c09c8d26ab0faf18	0+148u	k1 k2 k1^-1 k1^-1 k1^-1 k2	608	46a5fa5db1a9e01ea79ef1231c23b1f2a61e82ce5eaa4c8df9982928180c8191
54	a13bb6aa984f1f84cba6cf542dd843f6d5e3d02b6b31bff4fd3e26155f48352d	0+149u	k1 k2 k1 k1 k2^-1 k1^-1	608	a805c9a363696b7344302a82820d3230afc31ade3f47ec084bf3b8eddd3be9bc
55	43cc8b524319a6814181c8897564f3d142f338527023389dc58a2bc35fc1aa42	0+14u	k1 k2 k1	304	2890f992efd201a1195b0d5c785e25dc96a0f37e6eab363ad9b2dab22398bb11
56	ba7e676ca9f2d0b5701f50d47e68f177df6c181636724d1fd5452d55cc841f3a	0+150u	k1 k1 k1 k1	448	094a1bed90deb85ca9453d9e4d904ca181a1a0ed642960644294934394b18da0
57	a044fb7955bc55a81cf6562075268033512196191cb49f903a5eb755c88699e7	0+151u	k1 k2 k1^-1 k2^-1 k1^-1 k2^-1	576	e3cf2b32cb0a667120d2ccb9ef241b95c584029207fafb9b49c871e0bfcc3fe1
58	92fa6feddff5284533c523f4bf8162370118b820c6de717ca38b6929a13f3e4b	0+152u	k2^-1 k1^-1 k1^-1 k2	384	4ef391503880a7ab4efaf95a7e42a242ffe523021e073a4d035670cedb36e733
59	9483bff2ccfc76edc8ca0fbe2bda11ffb5784e6e4f7dda4538ec77faeb8c83e5	0+153u	k2^-1 k1^-1 k2^-1	272	19334425008f9b0a9f0ed18fbfd2cdca9e5dc86389864cf0a0cf4efe4833ae33
60	ceb65ada2fc441007d08a24b26f5d1cb47649241bdf4096b7fbe1a88c7139e9e	0+154u	k2 k1 k2 k1	384	a9652d66a6d3b33d68731713143c89ce8bc31ffcd587656fd21642ce490ce1b8
61	5b00b6fc14979f2c7f0b21948294c669650b3422f6200f76d6b81c8389500082	0+155u	k1^-1 k2^-1 k1 k2^-1	384	608d65eba8d879c851a350155b090a977240325c1790c87c5b9e0c28a8363835
62	2c84fc20cfbca865d07f7e76150e872137c246bf981d4148dd340c6dbb176d51	0+156u	k2^-1 k1 k1	304	29fc7ab86bb45c838c869b2a5595edb001a6d37eb954999e4d1a13b4e059912f
63	6f3e0435fce01b14bb57b9cd7b733dd18ccf49b882b20ee984a8166bbb9fa5b9	0+157u	k1 k1 k2 k1^-1 k2 k1	608	257690f42c62aefa4718fdf734b9bf9247111d6de0361324c69c2214d97243d0
64	f6f05a7b9188160fd686ca45a74b2eba72e3080fcd2d0e76fd1986a6d44147c4	0+158u	k1^-1 k2^-1 k1 k1	416	d9eed93a61a79eb782af15a4ecd9addc1145a21a8e80327cd56f1af23b56b31a
65	471f4deb82530f31f28108910386e954bcb7fa5c42fa4b92c3a4ae41b8bb6ae1	0+159u	k1 k1 k2 k1 k2	496	633c9d811095aead432ec6d8976dae2e5765defb2b76bfb90cd816660943a121
66	eaefe02b81b28736c734d60f2ec03c729f6ddfa5c13d4de7a364d936c137e5ec	0+15u	k2 k1^-1 k2 k1^-1 k2	464	ec9ea59e7c14729ebdde2e6b33401c0e7388e3a0d5065e925d9a079a716b9c60
67	f0f72c0e0756c749fe1fe2e899fad42b5d1927dd2678f813eeea069e038eec12	0+160u	k2 k1	192	a2764d48990695d91af7e9d77e8e450e25d0587cc21f7ed75d83d0319c7e28ff
68	9713c528f16df7c7b0eeb441ed0acd82859d8412006110294a45e11a526ac5d6	0+161u	k1^-1 k2^-1 k1^-1	304	85bf56c7a87b7ff52c8cdd482e61dae7f88051a102279dce68b17f1f910a051d
69	52ba4c74d8f7c5ebc63d2c125f5674cf0af78db85240730b7432810d1209f937	0+162u	k2^-1 k1^-1 k2^-1 k1	384	c645de1809d24a2bbc9ca8e08cea1a7836b0f95445a7636c5a6f70e0eee92be4
70	6bf73f2de3c83b4c77e4c0e3df34e5713631672b9a3c59a87bad85006e7d72b3	0+163u	k1 k2^-1 k2^-1 k2^-1 k2^-1 k1^-1	544	8c76bd77594f57d9c238f4c0149cd0edf8deb57dbfdd1ae7a3cef8b57c839122
71	66480486617f3eb3cc33e1f6efb97a2bac0d6de316aa1d3a3301c825bb53db37	0+164u	k2 k1^-1 k2 k1^-1 k1^-1	496	265064c2d1cfac49d8874c4424edfebb328d365930a6c86f1253ecbb7602a14d
72	8fe08a6b4d044e9019c63d2ae4af802f7a00bfc73b899d0bc82de2dc151829bd	0+165u	k2 k2 k1 k2^-1 k1	464	0c5baaba03116401db539345e9a4546f6d25bafdc1c0843b6187b83eb1581ad7
73	64c2e3c21970c5890075f7f51aa6cb80760a4d2b0840dd316a635e56a53283af	0+166u	k2 k1 k2 k1^-1 k2^-1	464	dcec313817d82c09c7d68c93172906aabe2571391077fa3f0be43b88bf27a9b8
74	369cab9f3ced22ef2b7c576c410472aa85a0a137bb00cd3b6194b219bcd340c4	0+167u	k2^-1 k1^-1 k2 k1 k2^-1	464	8b222511f8ccdc6bb681d4055bbc1fce101e42ed80ea54242c15990ff1ad4e3e
75	23ce4e2d5e1a75b5676cc2737ec9069ac16f89ef06b820d2d92312dc58ddaed3	0+168u	k2 k1^-1 k2^-1 k1^-1	384	d5ab67c5c023d4000e3dce41abbba539bc16edef5e745791852e082cf16d449c
76	d4171ecee6c538ba05c01a6a679f5763d2734bc061c60652624f309dab7f7375	0+169u	k1 k2 k1 k1 k1	528	84b5c278062de182ddb264f829a6b32082104b0282daa1cf563352512ec36baa
77	5853ff17ba1539dc398978656180bd1d18bc0ddf4f99610042c7f28b6cc1c6cd	0+16u	k1 k2^-1 k2^-1 k2^-1 k1	464	98b36749ad66192ba59fa3efedc5851ac0a21d2146f637aefdc766610888e84c
78	a797d12996baa4ae975ae479f3f68c3b8ac3c907e83068575797d4d13492f793	0+170u	k2^-1 k1^-1 k2^-1 k2^-1	352	4bcf0d3d8443353e588d30b21a858e911a8a2a1ad20a909aef4632ae9ba8271d
79	b460c5145c8627a23990e2caf82fb5f836e2a33f8fe4f2793b3e87d3b6d0f361	0+171u	k2^-1 k2^-1 k1^-1 k2 k2	432	a468bb69366f04b2addefa2cea8666ffc3bf381b6c8348fe05e7bd1f83c869ac
80	72e5f9c3391c842527c40cda69aeda451c1f82c9965d548029a09db4db8e957f	0+172u	k2 k2 k2 k1^-1	352	839cde5744b3db112e3e38187a1387e80c344a62aaaa5491912c9212e736251d
81	f2c2c4d7ed7a5e28e7431e2760df9a36dfdc4276e0d2647a5bf8bbc0717746a1	0+173u	k2 k2 k2 k1	352	04b5f697df043f3ba586665859ad5d476919695607a6b8da4f961ef3333b2560
82	3d38ba3260a759e7658cd4e13233bbbae092dd39be0b4762519a2b9d3a1987d5	0+174u	k2^-1 k1	192	0428c1a42e4de754f8c37a3e8181c8e66505f29b9b58b4788ed08df82014bfa6
83	e0bccf77b7ab5df2e247babb05d7c0e04e08662ea60c45e63c69f91b22dbad94	0+175u	k2 k1^-1 k2^-1 k2^-1 k1^-1	464	de471e26afec58bc0ba179588c84e049f73a495cb2aa9ae44452e5da6e31fd11
84	a45fd169e3da9416d77f799728603030a34aa9f61f1b84aa5d09af6006835ea1	0+176u	k1 k1 k1 k1 k2^-1	528	552670a5dcbc2f5318803b83f49286543844abd725ab0f71e07c08f71c2bd8d3
85	28f175badf14cd150ac8f9f063ca7f6eda9092e221d41d7be86d8a63b35d4387	0+177u	k2^-1 k1 k1 k1	416	907a72d4b2680691d7baa9b8f33f0a153d66f43ced0ee5132b0843a9ce188033
86	4530cf2876fe7ae81603fba9c04c3efe7696e8d017f5c13321058a93f6fbc59c	0+178u	k1^-1 k2 k1 k2^-1 k1	496	3b29ec613fc47ad2b65dc11cf510204f32093c715629e4695b8b1cd2c91daa8d
87	b98c3f83dfa0da016d58d7683d6ae715b083762d4b5774aab8ae1caf2f81c18d	0+179u	k1 k2 k1^-1 k2 k1	496	cd588c0861d1dd44989d0d185f2bbd3f59ba667e8b49e4f9acbb2c5444b8afe0
88	1dcb1f73a721732b9183091582f2b3104531c8ffe0a4000cee2e2ca398b98444	0+17u	k1 k2 k1^-1 k1^-1 k1^-1	528	3501af6c134d0104411064b5bceed26f27ddebdcfe880e371e26a37181724c84
89	2c3ae347906ffe060b98c61ec6724e409d6a55c81ed1aba0bdc72050f628c84c	0+180u	k1 k2 k1^-1 k2 k2	464	c6fbe30dc4f77e299261602a821f9a7602295ffe7ac7d1107c0d469484f53f4b
90	dc78f618cef8427d8aa91df36ae30fb22c6528bf73bd0a8a17d1ecabb30b95b1	0+181u	k2	80	43ebc38bf51e4e610368abc58a0bbac48fd85bdad5072c05075685a0c9a43ff3
91	8c066d95f5ee8da1fcdf36b2ff7d82e9c8f604024edab20d5ef5064550d1c5eb	0+182u	k1^-1 k2 k2 k1^-1	384	72f22de601ee86366187b1db43c66474203ce97557d7e0a5177c08cf842be6f9
92	21b749e357c60432f6cfce3df94a67f1dbfd3fadf55dd51fae54bf30f5e8ce67	0+183u	k1^-1 k1^-1 k1^-1 k1^-1	448	fbff99729f948365d63be3501c0da5935713e374f5504804dc2c26e5f7487a76
93	b2459edb8218a3baf04156a9f87f59183b130372f1977e7de2ef0ccc3db96059	0+184u	k2^-1 k1 k2^-1 k1^-1	384	968b5fb117f62d617075b7055a2dd783cdd0c4ab14d1f9ad160c35f48406197b
94	4e76aeb2b736308d9c1feda095eb694afb5317339effa7aa280e9f82fbd43572	0+185u	k2 k2 k1^-1 k2^-1	352	1aacc57a1e98ac9dd1fff3ecad57b9969a64b23df47bea87a0e7aed3a1a35d37
95	048d3290e81fe78462ea64aba36ac2db6ff72b1e86e0d7eac9cdc021eede9f7e	0+186u	k2 k2 k1	272	d95519152aa405110fcd3eea932239a456a8b021e3d7b450ba8ac3a5a6e9b0f6
96	6ba3aefc506651ffdb34d617c8b3d62528155866445b13e63d939e4d6ff7eefc	0+187u	k1 k1 k1 k1 k1	560	f50f5ebb078631274e78ea83c02bc811ea9ddffab324d043df5c7d2026e7bd56
97	77e41f50d5edff40a9c45171aab201c8450fd3baa615c724b5d85584387c06ee	0+188u	k1^-1 k1^-1	224	44b10d8da8e1854a53e878af28db7e44e8e058e66bbdbb65f6750eac27943712
98	8e6917d132187517802900739d716cf12eacfa0b0a211451347ce7511d8700e0	0+189u	k1 k2^-1 k2^-1 k2^-1 k1 k2^-1	544	50148c848b12d616be5f72faea69bc689390b47328a67bdbb3f15860ce3c311a
99	8f4c83d9eea18bc42c2fd66c0e757c64b273ee36f147999166857b064914ddf5	0+18u	k2^-1 k1^-1 k2^-1 k1 k1	496	0f2a81cad93edaa1f866413c21bfc9cbc635eef4b6ab6a67e85610fade9a1d0d
100	770a6df5b7971c60a4d51dff37499af8b4402a887f7201e0f898df9d61edf739	0+190u	k2 k1 k2 k1^-1	384	b920b531eedfee8c9519b1577c79e4733fa2a292aa0cc405a3c7c2d3b75b0987
101	26935cd9f299dd2ca6e0b90bf184783dcc05af6f4022491712ab9c9cd54c39fb	0+191u	k2 k2 k1 k1 k2^-1	464	6e6d7c102439aedb9eab97ccf912c33ba7aa12b37dcb837a803dfdf2f0cdafd1
102	67dd93f29ea47ec8ad2968362ea6ace745da5387e5cc979b211a219160ec6908	0+192u	k1 k1 k1 k1 k2^-1 k1^-1	640	b088343b182d5072f601b3d52d9038ca7d540b4b8b3c9be00a64060090ecf310
103	9eaaa8863023ea51c3ad25b081af18d3598065889574d05755ea3fdd83bdae20	0+193u	k2^-1 k2^-1 k2^-1 k1	352	ebbb9c0a674155889a93d9b5068e59d5918f2e63e5bf47f3fc32311bcc1c3628
104	58d856673462e454aba2bc5d8e42db5be70ee83b8d001dd0306584636fc6fa02	0+194u	k2 k2 k1 k1 k2	464	95bba3f1a95219625dfe841edc89b2fcec79efd546478d017d60824aab18c4e2
105	f570ea3c1ac2667bc0ce5bb1160e1a22753ea4cf4825ffa8f49756aa777837b4	0+195u	k1 k2 k2 k1^-1 k1^-1	496	81de10f35f064d233a14a4bc42dd4bdbab141a5bade031aa47e74c9bf39358de
106	07866e53f054892b98dd30d34eb59a40fd8b7c73f1f1df2299f3aad360ef6dba	0+196u	k1 k2	192	191a2d2783fd8807d1492fa010477f309cdb8d1b70c9cde40ef5fcba6a5b729f
107	201c776aacb92966c511d0d9757765428c31d29aba0af586e04d39fbd07a5cde	0+197u	k1^-1 k2 k1 k2^-1 k1 k2^-1	576	6a22bab0bed64d3efa2a16e35a0ce854c9996157de65d04c55c427121f766736
108	f83f64aa6a32f492098c9861424c8713ceba3dfbfb03f16cfe4897a0a631c273	0+198u	k2 k1 k2 k2 k2	432	b8f7f3b080ed8fa07f36fe7e9504cb3f5a56785e8b40de954106904840266196
109	d3b969ecf26587b2b27c9f43de53d174b99ebccd548b9613ed028819755a7fdd	0+199u	k1 k2 k1^-1 k2^-1 k1	496	d2017ab5bf890fe3e753a729df43e43005a48da6845510735e42dcbef5ea4fcd
110	35a1551a596021ef6099f11a9f21c554ccbaf0e6f12b8e8c80ff43867db13728	0+19u	k1^-1 k2^-1 k1 k1 k2	496	1fce872096fa6b18c56d0de669709c2a99f55a7440f0ea602bf31e06819280e3
111	4878c312fcef7c5721420e424212ce7a0578b874529e88befd746d8f02735dea	0+1u	k1^-1 k2 k1^-1 k2	384	b76180e2cb28a4a3d19762966947db6865097cdf139b3dc50a1f57e5bef74885
112	6a020acc8eb37f1cb1b46c026120afeaf1be894c01f489ae5c22a19a6e857e38	0+200u	k1 k1 k2 k2 k2	464	fef511ea503e0863056a7095acd14c58465a4fbdd513061509d9bfe4fbe4f11e
113	70a14ebdb485066cdc338f6a0903afe8c9945e63940aa9b4df6ab445d738d633	0+201u	k1^-1 k2 k1^-1 k2^-1 k1^-1	496	7565c9cc7613724d1a36a92a99b5989332e8f375b306c18ab564056a4eed5618
114	c0ef8dc502ec3f6bdd9cbaa2abef88b0ef2223c7b6f9edcefda590269d7bc6c1	0+202u	k2 k1 k1 k2^-1 k2^-1	464	83d770b2208a80a01a29910ad108cbf0d134e1cb2be338dfcb8288fca2cc83e7
115	281b22829c727b7b4a19c834fa42a62db196e094f20bc56a8c6e4a9055ca8b23	0+203u	k1 k2 k1 k1 k2^-1	496	a0d2e81a7d4f5ac00e352b7fa080a698ae1aae7d7632329c8bd96ca27b046bae
116	8cffadcfddea7e7b15093ca2df8f1187075525ca1af65001910ad4d9d46ce3c2	0+204u	k1^-1 k2 k1	304	e4a809f271ab743289d685113ab4908948ff2f771b65806f5899ea9f076ab825
117	1ae3fb3a2c950bcbbc805506be5271240a8f65f8d5caa8b334d85b5633dfac55	0+205u	k2 k2 k2 k2 k1	432	fb4e842cccb0dbb632c99c4f155c451af2dcdd200b76ee02070d74825d4198d5
118	0d86edb15b4a6200a590381cc0de2d0948130d9b4c0d987338bc745922793048	0+206u	k1 k1 k2 k2 k1^-1	496	137785bdca3da21374d0aecbaf6baac6588365524421aeaaafc2facae2fe0147
119	860fe829917a6f4164770ccd8a1c57ad0741a7ea8fb73eda38a91cba93c41961	0+207u	k1^-1 k2 k1^-1 k1^-1 k2	496	faa7ac4e86eaf7a32ed6b4d601164b29170db587a1646baeea809696633aa6db
120	a1a691dbed57828bc8606ead34dc91fe7a7f633a5546e22318b54ca52a7852de	0+208u	k2^-1 k1 k2^-1 k2^-1 k1^-1	464	72d257ccfa78e9d27622ac890605309f22b6a14feb976a7252c609f8a3ac6401
121	dfe1c4cf87fc9411258d3c3d748a280c0d39eac98618d969d61696295b04dab1	0+209u	k2 k1 k1	304	9035e5a41fca971cb7f30175df95d50ae97d8bd728ea7b77494273fa90333c2a
122	4396ec0084fcee06f15347112682e527d1c3e311dec8cba9e52bbaf857e4fe96	0+20u	k2 k2 k1 k2^-1	352	7ba4fc6614a146c3a2ad681c65f52bd324908c55725b155b74bfcfe884200b07
123	9863db6e697540e5663deb6101870acac8fd87e9577ce04ee1bea52ef776f7a4	0+210u	k2 k1 k2^-1 k2^-1 k1 k2	544	557ace27402b3bfe5e792c7ab9b501a644dc491c093b12c60ae6906d4466ff98
124	661c072e0ad17a21334cde35fd47f76986bd5815745e83ae92f6f1dce5be0b21	0+211u	k1^-1 k2 k1 k2 k2	464	4f14f22d8064d9a92d8c477f512d3a32991cffee50c9b31093e41c84d2f2586c
125	817d2e467d684fe29a615c4b261bfe6ea4d64e1fe659978f7d35433ff015f63f	0+212u	k1^-1 k2 k1^-1	304	e85b1401a1afbf3dab99f64d529e671ab202e0420868f94c7dd34a5e678307d9
126	918be27f77004ee2961f9beafb6adbf37368ea1a12d06b8856ed70e4645503fb	0+213u	k1 k1 k2 k2	384	f0f1bd84b96fff08685ac6b34be273abb96bda4248044b8846ad461fdfc058dd
127	de344983a55bb0736b78bf7287d6c08dd0f6ead2439603a4f1b65e85289c4850	0+214u	k2 k1^-1 k2^-1 k1	384	ff0062883c3e8ea6d93f83b4df9cb688afa95b977acaf76d093556ad10709a29
128	3948a14cc2f69fd87cedf8ed22377ccf603f09a0b1658a65192a9d5756a620b7	0+215u	k2 k1 k2 k2 k1	464	321b7afc7b1b76b5a67867b8bd58288a774a69161df9a5f6c41538833a04e4b6
129	e847a7dcfc7d2a9a9ef0bd801fcba5e19b6e7644b0b093d77afd55dfbed1087f	0+216u	k1 k2^-1 k2^-1 k2^-1 k1^-1 k1^-1	576	dad73d93c5154d036180b538efa4536fcb2ef2fb1de00fb17f473a4a09e855cc
130	0fe60180c5a97d7777446e036fc9eca149f7ae7b00e9d10dcafe2e8f3fad3885	0+217u	k2^-1 k1 k2^-1	272	e826a444ad6dbf2384a274e2dd3808a1f54d36c9865e8f992452f65fb35fa814
131	0b548d908ea90b8d052ee598b0b300275b92311df320eca38fd3325bb3ea620a	0+218u	k1 k2^-1 k2^-1 k1 k2	464	eac98f693837e6b02dd4dc2236d0e1edecb5ea1c3e8313bdc32b852cd21434d9
132	8d3d610259d58b993b90419ab8fdc438e2c5032a7679c9dbe6be2cdf5bc3b614	0+219u	k1^-1 k2^-1 k1 k2^-1 k2^-1	464	146dab0a11b95b3bc71fa1d864d85024066fe9924e20f37d92a7e61fac7ef1f5
133	4249c8ad554c8fd7a0338fe0ad75943d3afdcd21667ce16c004a5e30f3c28d12	0+21u	k1 k2 k2 k1^-1	384	e44ae2e721cfc4551c0c36c5773b19cf1e3bb22e8c39de64645995ba2918563a
134	462a050f562252fd86b633df0be8545c27a9105c0721ac05e50426e99b577529	0+220u	k2 k1 k2 k1^-1 k1^-1	496	2d577d512bb9f7023d7fa12e2d4ffaee22128fff89cb7d34d2a8a97910263c5f
135	b6d8a867b001e74ec4621d7e2de8117e114a32f962fc934824eec2102b657f73	0+221u	k1^-1 k2 k1 k1	416	c07ca525d927312bc946cf0fad1b3cccd484399be43ccc98212fb4d32ce65fbe
136	e53429df7be08b2b6ecea1f91792bdb679de3487fd7e715dff9efeb88ac0abfd	0+222u	k1^-1 k2^-1 k1	304	93b334e473ffb6f3a4ac39dc1d597365f511b788adaaa095c3afdad4951f794c
137	f41a04e5e5869e86b39f78426b777134e0b8696702252c4f5f9df0d9b5ea3851	0+223u	k1 k2 k1 k2^-1	384	012e2134ced5610cb13d3596a8e1c4dc56f0d3e30e0ba96ea0a1e61b5ec25def
138	bc6f34f5ed6fcf18e6c7dc1f15c9aad81a76898d3b4f6cae2672aa0acfcb3c2d	0+224u	k2^-1 k1^-1 k2^-1 k2^-1 k1^-1	464	63a8441280f2d80245382b83cb7520f1ae91f1b7a69546ee7a2bd36071ba113c
139	04ae070e9b11ecc9453cce7978d0b50f57bc9d9ea88531dde65d7e8654456aab	0+225u	k1^-1 k2 k2 k2 k1	464	71c76d77b0bbb2edead0c7cee24822b32d5482b6d760da6a0122fa87d6bfe745
140	1877faac336749efc24d6b1b5a82f11a47722962b1d5936d3d8bac938087e846	0+226u	k1^-1 k1^-1 k1^-1 k2 k1	528	430920c2445ab3341be558b7db0ece470c219c37f6a4669cf6f5ad06ba77baf7
141	1b0a1b5c0fc51b8cab0743c9ebc2029b3cd05c3282e7f40e6006ea2f8ecfdf8c	0+227u	k2 k1 k2^-1	272	112ac7c6c69eea2c51088bdf9413b4efc7bd27b193c87f0a042223e301f35fa6
142	672e558cf717eb70016d4ef1315be82e0e6dfc63c897a5e38c99c3dbdb2c960e	0+228u	k1 k1 k2	304	75f620b55b03e65c36c79c6ce7ce7285e250f04a11d66c1da536515076b5fc48
143	28ebddf5a1da96898f992937361df984d112a46220fa1b224f9157a81ce2cb5a	0+229u	k1^-1 k2 k2 k2 k1^-1	464	853908d8c4e41985b2cecc5cff8b73271582bd06adc09a05d35e622320c5a853
144	ac1a311c227c64c8c88ed8faa2540c9acf4f767e5210dee311429a043fcd00e3	0+22u	k1 k1 k1	336	bb2ed0f78d30aed2a67542c64a67f026ac4478bec1fdcf97edabedececec279f
145	ac7e0c5948791e7af2c8eed7ebdc9c268c2b4adc8b50248a04daddc8f79982b1	0+230u	k1 k2 k2 k1	384	5671e4ab64945a0dbe97a3b55a01ba7c64ed370a1aa791b346f358b147a981f3
146	e076c8670ce2fde97e853de3a4df382ccabd89d5d1d4115b04b96d3c277a3575	0+231u	k2^-1 k1^-1 k1^-1 k1^-1 k1^-1	528	4b1a7ccae4ee3ca4ca3db1ca42e97924f82a36db87d5a70668b096d8f1f6491a
147	1ceb9efef85358995ee495ae4352deba66c99e0f24fbf81f80acb8cd6f6db411	0+232u	k2^-1	80	387fcc24255e5b88c2f68177fc726e5c984c1a2df3d11bc0751c85a7bb873768
148	52cccb4d5ef33ae32c6407ad95d6a59d89803ce7c8be38949156861025eb8d62	0+23u	k1^-1 k2 k2 k1 k1	496	3b9d249c55ec4424694113de2014ce21f58b5b8e0b6b3f8ee040f57bf832c420
149	01bb7588b4fd7e67cffed3d486e7fd229b2cb0b0e2044c186d6c987c723e06ec	0+24u	k2^-1 k1 k2^-1 k1	384	49d0542920d12e6516c8958272fbf45b37f8e39cf23c20570cdb28cee0324863
150	d60b1076c7ec0f9e3f9a74bbddcc6f1ec1c544674824a09667f8e2db40461c15	0+25u	k2 k2 k1 k1	384	69fbef5ca551ccfbaef12964e96497ea5bacf2c6144abec3baf586a29ee50a9a
151	3dd13457da052871ec5372aa0dc1cd8850a07026a4aa5b1a074c0faada8addd6	0+26u	k1 k1 k2 k1	416	d0d9d025964f24d84422314992185e2c48bda59eebb6fe10a8abfef3be7dc326
152	b6a772a176d5ab4b19bad0f248fd8795e2d0aadfca624d5f7ef00c125310d326	0+27u	k1 k2 k1^-1 k2^-1	384	32aff41cf9297f47d963c4dd6cc5397212aebc5ee070d60ed0a761a0a68892df
153	2d2dc6c1107d56ad2d6653f93991f93578673430c17a88c5897eb14b725eee7a	0+28u	k2^-1 k1^-1 k2	272	0ae456310b067e12d620c12625b9e9d9fb31b1c9d5b73acd1a11398247fd1c76
154	85fc7f5026d0b448d1d292c936ea42e8932d3d1995f0b5bb054a9925ce9eca98	0+29u	k2^-1 k1^-1 k2^-1 k2^-1 k1	464	08bc15a982adb304332bf8b50c086366ec718658a6f998e6203294142bf97f1a
155	6d225092b58a7dbda9597d7ab73b1c7728df7e3587a7b260406e90448753d5f1	0+2u	k1^-1 k2 k1 k1 k2	496	4975bc1c2eae2df098feeb30c7ae8089051389a394baf8f54dd95a1ea13dc108
156	aa2b96ff73a611d95d3b6cd28b4159ed9978448677618c6438212bc56f6b3c06	0+30u	k2 k1^-1 k2^-1 k1^-1 k1^-1	496	fa90024840c1f4c4bb7cf38a7622a2bc99df9c484fdea2094cb2133f322ded92
157	b43db126281519c0fdb0b75914e2c353119ebf9814c881fbe414ab5afb5be26f	0+31u	k2^-1 k1 k1 k1 k2^-1	496	f327333d7d63bd986f9309ad93ed3a4da7c5ad45b5c1efdaf790789da2a52c01
158	9413cdfcf8d17b56ffbd60a6017422227e09891cfabe54d7e24848691a8da9b4	0+32u	k1^-1 k2 k2 k1 k2^-1 k1^-1	576	e38bbfc92245127615ab5df879e26188c9035b5c6e677098b7f6905baa232ebf
159	06e071361bfc48ea64c595728a0cb553a1f007e8c8c1fab4b7efe1ce9c0664c8	0+33u	k1 k2 k1^-1 k2^-1 k1^-1	496	e523d1008df129a3e2a209c4dd617c3e1afad42af969dc939d3d9b1417a87f8f
160	ce330d53dede21a9ae3e403fcb1967431d3e66bb9e9dd8e2332f11005e738373	0+34u	k1 k2 k1 k2^-1 k1	496	01b4e79f279c60fe3c9ad80fa16e08b39726573e5441ef7bbc412721f6d50f24
161	6402eeecfb6cc73a15a3d348266b25a9669e3378785fb46a4bebeda67bd27fc0	0+35u	k2 k2 k1^-1	272	e8633d58a5551e6075deebf4fddc473538413050f8a038c3168d416be64fff33
162	0dba4f77e882d1303be60fb2c4cfaff4aa13ea15b36eddd9b73cc47cd71abc2b	0+36u	k2^-1 k1^-1 k2 k1	384	9ef2abec8075625bd7304b62fd20686b41f9a830689be82b303c667c719a6405
163	8f36d089e7ff9d9ccecc8a1988d24a8b958ec77b815b153e7d1e600e08a60af3	0+37u	k1^-1 k2 k1^-1 k2^-1 k2^-1	464	341054fac49da913b455bb39cf40265e572735d6faea19c4fc6c5cccde2c3012
164	36613f59a7a23cfc8d3df8e2874ebcf7ef67a5d51db650f001173bf5d2450a14	0+38u	k1 k2^-1 k2^-1 k2^-1 k1^-1 k2^-1	544	e1115a994e43cb7e845e8b092f2d90016679aa5f6298c7e29a0a27421b8886a7
165	d05f7622e5e74767b28b4aa31f01b330d571bb042520f65cf307324ec1375ba9	0+39u	k2 k1^-1 k1^-1 k2 k1^-1	496	29d00a8d0e2d11f7592cc5636a4d456f0f3bf0d085e4bea3452feb65a92fd460
166	c2798645a98088bfe0eda122b382462a372847138f141f4ffc13cea068614b82	0+3u	k1^-1 k2 k1^-1 k2^-1 k1	496	b94d62eaf83b5c80376d2f2be867c236969c87c185fb2c907c5a5a1a82160b31
167	0af2234bed7b57a0621574eff1c033674b92067cc9171e74aee5a078ebbdb603	0+40u	k2^-1 k1^-1 k2 k2	352	c1c49114bb38d0bec77295df39c5ace63a7827050ef3ab4d67005db3e81ae7a4
168	effb45dc63af888c525299ce055829383c222c72f813664001249d164e6b70a6	0+41u	k1 k1 k2 k1^-1	416	8101e959b013af509a61ba2c77fa70ce0b87e7402bc47fa7d6aff3cd874b3ef8
169	9ec2e3fe9cdd8df74638399f53fab301ecb16d877b7aac00aab566f4802475b7	0+42u	k2 k1^-1 k1^-1 k2	384	0d986091ac47ab109747c972c8864fc843379e5e9eb4d85193ab5b7a958d145c
170	656ce014bdbfba105867c36110cd743506091e801913f296c9b05f8efce1f9ed	0+43u	k2^-1 k1 k2 k2	352	e3053de4980d8a3ae077fbadcf03387157c1156917d3673e5ec2a6ad7339ae8a
171	ed4071075fa62f560c4cb621547023f73fb47c89116864a0e9bbe0868f1614f9	0+44u	k2^-1 k1^-1	192	bd7dceeba0b6324c6bdf024b830e9d5bfcfbbac55a4c96473815b6866554fe21
172	5828a26980d4e6c1ed599e3996125db63aeb726d405c13a9476e331e8d90888c	0+45u	k1 k2^-1	192	f6a75cfcc9e9de7df05f08d0b43dbb80c53ee9345856c8f7855221f16884f131
173	86d1b5cf13a4374f61e5b28ee7b3ae77956fd44cd78c41cb4935b6a7ae7e853c	0+46u	k1^-1 k2^-1	192	e18e1813f9034e9779cafe65e5f3b3c95b9dc9d2535798a6869188430848bc15
174	263dc05f08387626af36024118df6c9047c0e92951fa8d9abaf0d2d18023b5a3	0+47u	k1 k1 k2^-1 k2^-1 k1^-1 k1^-1	608	f52f6859320b6c60e32a032ccb96910dda29df3d36087d24fc6f280da69f6de7
175	e71d657d49bf02143c0eda8282b2fd1f86df184c30c4766f59bbe2d102232783	0+48u	k1^-1 k2^-1 k2^-1 k2^-1	352	1be4a777bd272b2095006a7f3b896dbffc9de20157be9d8c9d19de8e0ec8f4f9
176	3e364e98fce6017a823d0d88361989443fce58801d1488cf3c63d6b8d78cef09	0+49u	k1^-1 k2^-1 k2^-1 k1^-1	384	a84b4fdaee825f486d6a36251479f520bbb63c72dd307eddaca3ca8c4f4aa638
177	b20ed73ec1d3f5c21596403ef0c0410cdfac179128c6b9a05fff05454168ef2f	0+4u	k2^-1 k1^-1 k2 k1^-1	384	59d0676dc8e60383842b170bc64707801e8dac47d94d55bb72ebf11444f5f54c
178	bcfaefe33078e63e5da94175cab332124d5d543bc506600b0e4414e5a038d0dd	0+50u	k1^-1 k2^-1 k2^-1	272	189eefad7bd68a5a7eb4dd22bf8049161fd70a8303fd0b7b93c9a04e702ed8df
179	b8b27cbd6b364295dd677b4e9958da2f2a4b557fac0e4e89ff760a468d0ec5d5	0+51u	k1^-1 k2^-1 k2^-1 k1	384	101cf015c0880c2048096ae7be1808eb01b3457becf75be5c3c94449302b0b52
180	6a7661ec17b5dbe73c7846fa4d4d088ca0f656b9214081ca3d14e459762e8d42	0+52u	k1 k1 k2^-1 k1	416	fe87ac9d9611469c254dcc5388528082e922d3e32d63d8fbb85979de8a634654
181	9aeb52a6e7772de4f89844f832961df0342984158e38550d7567b20606d93134	0+53u	k2 k2 k1^-1 k2^-1 k1^-1	464	883578848065326e599c99fd4aabc84c78641a48a7c4ab2814ba634758da2f9e
182	0f5027ab3df6b85bab172bff436727644b24072da786ca8a1105080e3287fb76	0+54u	k1^-1 k2^-1 k1 k2	384	f401b109880ed3a3077df6aefe22de45245b3326a19646e456a95066006f136c
183	0483138811994611c488daeeafd093140c1f850bbc9a2f61081236963dbe12b4	0+55u	k1^-1 k2 k1^-1 k2^-1	384	8afd62742e4cc4524782aa6734f658836400bb7e03cf4ca4ba3960131e2f945b
184	cb0ace3a799d0023d8f0c6da2274cf119d75207adebcbef57b3ac06aa685c83f	0+56u	k2^-1 k2^-1 k2^-1	240	59a91482387ad4447e83e55f7ea318ef438dfba034cafaf8989d38685630e2fc
185	aa0cf06251cff4f5756c8f3d0fb0c2f55c80b58d009bf4d87201422d6aad5362	0+57u	k2 k1 k2^-1 k2^-1	352	e02f979250e72da6785f93fa3f8ff4fd5889a48ce2e08356075bcc796f62bb01
186	31c6ab31e80c2c5048c0e684d2930e56e099c77aac6efe456f4c3a5099ff72bc	0+58u	k2 k1 k1 k2^-1 k1^-1	496	449c0d479f1bbc9bd95e57b7584fba693974f5db72da527f4dcd7baa17b74d52
187	5a8fa83a7ea7c7ed9b570ad0a28566b5ff6983b5c2aac32e293c20bab7a7d181	0+59u	k2^-1 k2^-1 k1^-1 k2 k1	464	1ef989731dc0599f55b9ccd80e237784535316a1b8cb6717ce055f7efd00b276
188	2deb6a769b173709cebd0af3c724ac3ee97ba14616a67b00f7c6277f7ff50435	0+5u	k2^-1 k1^-1 k2 k1 k2^-1 k1^-1	576	dcd17418917098d3a56ce8a26f3de1fe3bc290f6b31bc5399eecf79ea03adb6b
189	a27d4af39efdfcc62fc67d16d2ff07e8a99b372656f8e2c35b8f48b26569076a	0+60u	k2 k1 k2 k2	352	06da04e7916890e1bd3747d2a4b70ce953c5fe8596b2c0decaef7d97747c9a85
190	118c34e39b2f4a3cd66a68d0419345ee4208c347bef564485f0c6c2ffe964778	0+61u	k2 k1 k1 k2^-1	384	6dc77846e19b1981b19fb1ae257fa8dc54cbe74212ea1ebcc5b53f091d17c440
191	6c17b8886869313182df3bcdc64c254088322eb83d3f59de87eb2cd605b6eca2	0+62u	k2^-1 k2^-1 k1^-1	272	4937c1f3f4420a03d97a419d65b7bcbf2d9d76910f78d9753d128f25b11bf568
192	2b1f4a53e583cce6d1c159824ccf05a3eacb9e08c145430c641b8f0958643952	0+63u	k1 k1 k2^-1 k2^-1 k1^-1	496	0448fef8385a202061a477d51b003c18863c9ef42b56bd5d1f5b6edf51f635ba
193	68b94c69d9ba4b7906d71dcdebaa50d19ce19a600d09d02d3736c93ba58a0e11	0+64u	k1 k1 k1 k2	416	3997069a22d0624bebd84e1d61d635e844d74ccf249280a56f1cebafe99c8c01
194	099c6f11b5d36268e07b0744a311509de353c26efebf001f4eb2f488568f375d	0+65u	k1 k2 k1^-1 k1^-1	416	7c1add28524f6295bf79152b1b6c7721df0bc0453097bbbd1c0f5964bcf335a8
195	9d6f6616634886945ef96a2be2a52c6637b6f55f4f98ef4111d9a709e2e2b8b7	0+66u	k1^-1 k2 k2 k2 k2	432	879e90846d560f2023f06af7743bf37e9ef071e633583fd758278ee0c335985e
196	1c6b90d8ae2f6ebe2bea8a6a3426ac1be7e5bf3a010296c0ca16c2b019f78e87	0+67u	k1 k1 k2 k1^-1 k2	496	1202fc6232a6d752b9cfa4fb6a9d2fe53e8fcdf2ac314fecec25259e321961cb
197	fdd4d667f12c88d698e0a2f6805ff06fa11daac56060e7190b18716c92be36f0	0+68u	k1^-1 k2 k2 k1 k2^-1	464	4b3a727fdc0b3a4f2a2f9765c06eab8354c663777b8672faed4356663ef65836
198	72242f893be2104dcad094263d4d61095ee0a99d3d783ae9ac64bfae94b80f9a	0+69u	k1^-1 k2 k2 k2	352	83e42816ff0fb46d0fe58a0da178c3894ba2ecb4938c1e4132a0654054ea462b
199	a1ff97fc42123f4f43b0b7c14fc8e50048278b9078d7cc6b1a30444b057d064c	0+6u	k1	112	9f46fec0ef75a42688fc71bee6e0239945e46f3ab545ae235016771d06d2e4bf
200	17b4c3ae2e0be7a85bcfbe208124ddea20abf788a6854bf1a430a6eceb680062	0+70u	k2 k2 k2 k2	320	b706fc9fce2ab647208b77ff6de3d6a25cfa3ec195174b4b977bf6f55e41cd19
201	b961bc9bf85a877268e535b29fdce4100986f6761ca2aa7b64f354e8a0c0b3c0	0+71u	k1^-1 k2^-1 k2^-1 k1 k2	464	a9b5180f602aeeb383a8811e50277385a9ebf35f9d343a4cb01f2b49ff1516fd
202	922e545015858c71f9947dc40532be5c1f2014ed6200772c7dc772dbc81a0ade	0+72u	k2 k1^-1 k1^-1	304	1cecab3167e967e39c801bf115643495a4baf7d2d0fbb6803742d15bc6be658e
203	97937bbc9d898fc438f8dd1718500dbcd77953636dd9abebae325cd345eff4fa	0+73u	k2 k1^-1 k2 k2 k1	464	863258bf02ad05c963bf2eab37d19ba014e1d9bf96d7daed3fa45300b16b0b07
204	d47b77f2de64a78ffb8309e251d3d8bf2b97af3f9d300bdd28d484083d0640cd	0+74u	k2^-1 k2^-1 k1^-1 k2 k1^-1	464	7a67fd3d18fda0acefc625c4eace49eabadbf195342626163ccd5dae448c4977
205	32ee1bcc69785f13bf3bc5b20ae83996e9db5d4aa81e5a5b3d7686ab1cc83c0d	0+75u	k1 k2 k1 k2^-1 k2^-1 k2^-1	544	5d52df3ad87f4c922b2f66436bb2a469e93762f60f45f6b7998a7307c555cb1b
206	fbccbfd9ea49e66379735c6ef217d5fefcbd9735fcee401430359b5d6efc256b	0+76u	k2^-1 k1^-1 k1^-1 k2^-1	384	33c0f7933d7de8caedfb68a59fb4a11dd339c389348853add4fc55f70b6db9dc
207	fe6c292343e7017179ac09783b2304f14ccf74c2c8ddc1f40af3358136a04570	0+77u	k1^-1 k2^-1 k1 k1 k1	528	b9a605679d4a13107b2fea1e7d51a4e332972830580a19beeb8986f77107ed61
208	ae89f66b7e74f1b3ddfcd02d519f0cd87d37ccc8d895718110a3421f5ca0cb39	0+78u	k1^-1 k1^-1 k1^-1	336	5bba060e72d59fa75521046e2495983fd63ca5dad92df6def550a6841751bf31
209	ffd417e4b4f0a81ba425b564b06246c276c497bb2967d6f07a09aaf3da556f38	0+79u	k1^-1 k1^-1 k1^-1 k1^-1 k2	528	091074955cd0b2c13f5f3f875713e36459baf5569d18d51229e448b7539e1d37
210	36c7f5305bc528d06e971e597c36956f3dc7949a7a95d72ef15533bf7655b5c0	0+7u	k1^-1 k1^-1 k1^-1 k2 k1^-1	528	7ba53a48d8eb022ea316c4ea4c55dff4a69bf4230815338ce5d15c3b18ced94f
211	d7f3b2d093161ebbf74c3f81b65e6ca8775a5978acef9eaea9835224222c832b	0+80u	k2 k1^-1 k2^-1	272	4e8c6ee0c3ca1ce2dbb797f66385044a3713ff03cb810a85b1b47d8a805210bf
212	00835b04a9caf4f22ba0639cd9062a0be42698db13968e04c000efa3cbbc0bf4	0+81u	k1 k2 k2	272	b90335effe53c5652b3e942bfc1b5857698957a9dc24aa33749d162bfdc0d07d
213	c7396a90c6f01996451e37206c053f524b3c87321784ae1d7ab68a81df8f3af6	0+82u	k1^-1 k2 k1 k1 k1 k1	640	e0a5cd0eda515bf4595984859e1f015986701576debfbfd87382276948a92596
214	b917bca2a368e6a7955dba558bb25dd624ffb24200a999e258e3738fbca447e0	0+83u	k2 k2	160	e03e748a22df97796a4f398413c581f372a2ede175c9dc427c76f5b97e64175a
215	166beee67a7eaf4511ba3c4efdf1bb320c58714449f17e7fd313844783f59cba	0+84u	k1^-1 k2	192	dcf753afb395478e37c4ba387d3f96c0fcee4a950210bc0e2bd50ceb84255057
216	a0f1d641146ecbda5bd4f93ec9f21f9acf0aa1aafbdd42d72a793597e59957a9	0+85u	k1^-1 k1^-1 k1^-1 k2	416	890ef992295f00e27209996753220b0adee3de005432bc884553adf40a084b12
217	98488529a3a7a7e3ffb4cb2d3de8664087fc3a0e834f40e453c63326866ffc31	0+86u	k2 k1^-1 k2	272	bda3af64d2e5b648db26c9e118effe734607af2d875b40d304ac6ed7d59b9ba1
218	2af2aab4504a51311b9820bf66a824c8473e4ed0bb21b2f9f9fd32ce1ecdc1da	0+87u	k1 k1 k2 k1 k2 k2	576	1ffe42b154342d7a3dd050022d3009b2e8672d2db837454ba49aff8fa09e28e0
219	0b47a7d0224209f2f988a9547df1253e41f38526e9d9b13c606b7cab4b8be062	0+88u	k2^-1 k1 k1 k2^-1	384	0aff5eb965f73f82301782b1e4940fd36814c3e1d15529ffc9ba06de22b75535
220	a2a63d4512156d1b1c80292ec07a5f9f761917bcfdbf3b01f27bd0986378bad2	0+89u	k1 k2 k1 k1	416	b85f87fc8004a6aafd8124d9b4a7b43870f7cba60989585a89e21480fed10d75
221	e0274f0b041afd25e40a80c9bb233ad4ba1608792c9d0d65b31f7a4b17852873	0+8u	k1^-1 k2 k1 k2^-1 k2^-1	464	1bce0018fd048562823a0f8a619ee55b45f2c269905bd7b0cfae171280297ed6
222	44bd5f233bf09015036aefdab07ceb03a9b054c64829a7a4578098b76382be03	0+90u	k1 k2^-1 k2^-1 k1	384	888cee5d27382d84b6169b2af6fab0abda420474f99297a6eebfd8f36f68df14
223	8af11920fa28f1beb0254db08ceafece759b7f7e696d5add512c3c7abaa215bc	0+91u	k2 k1 k2^-1 k2^-1 k1	464	ca7aef507fd7051dff06cad74e020c2c63992ffd84567779bbe1954343ba7406
224	f80cafa5e9064ffe1e9055b67affb2e9711a1d178924eb86e71309841ee470ad	0+92u	k1 k1 k1 k2 k1^-1	528	821824c9321ae49322b8fe57c3fa618a3adde78cff7ed739b06f4e6f224b0f48
225	33bd7f701ee74687b7d5034830027a8e8c956d51e99e7b923215044b04fd43e1	0+93u	k1 k1 k1 k2 k2	496	4ff505c96122a63ab51dadfd20a1e5d74749ec65f333d55e54d4b19f79e9c4d3
226	1fd6b5f718f0da8b510bb1c9075581c8952a58a3d0c06f1b9f8f9f5139161acd	0+94u	k1^-1	112	8285dba658c580324cade144a23410899000a81790952e57ed9b023e0af1f52b
227	1dfbf34cce49a132d57664cae93be46a66e3f826b4239200269db01fd5553793	0+95u	k2 k2 k1 k2 k1^-1	464	0e7ebd5ab7cbefca2ce444836ea7875e992fa8ed198fbefa6fc1c8cecd2782a9
228	b61de3b49f8e2ddcbc7d8dcd6737f54f34a9c2abd9de03603ae871112cfbbb26	0+96u	k2 k1^-1	192	d3223f00afda04c4d45b402c3d6e962e366274a524da50589c26bc46c1531d22
229	bcafe2422ed7403ba0938fc12d802aa10411517766dc57a9e557bda5f35ad3e4	0+97u	k2^-1 k2^-1	160	7342fc284ff260622cb42b23bcbdfb637c10da93749e4921ca70549b4203ffa9
230	bffc8ff457377830085d21b63be3524dd16311c0964569a7cdb494c3286aef66	0+98u	k1^-1 k2 k2 k1 k1 k2	576	6c6bb4866bf640fa9d4694a096cdef7be6e6870bd5e6a195cad444332663ae70
231	f73c88fd30bbff84f149ff05c08e410efcb11944f93dfe2873ad153ffb86b6a9	0+99u	k2^-1 k1 k2^-1 k2^-1	352	b8d019c3d2476987576b00966e122a816cb79b826e6409a2719adb795a3b79f5
232	43c9669a3cea388871b5cfefde2bf08b07658977cc33fca7f4be931c4e1e93a8	0+9u	k2^-1 k1 k2 k2 k1^-1	464	53ffad49ab04791f0bdce27369618ddd477c70ad04499eeac53304174b449d79
233	7d687a394e030fb5ec34fbcd279304fdab4167a89f333656801f651d8e499e4d	INF	identity	0	e3b0c44298fc1c149afbf4c8996fb92427ae41e4649b934ca495991b7852b855
